{"VALE5":20.98999189317204,"CSNA3":10.003257113529578,"PETR4":17.99083155255753,"GOLL4":8.161270794468228,"GOAU4":4.799465229482696,"GGBR4":11,"USIM5":4.6}