{"VALE5":21.9,"CSNA3":7.828520740363558,"PETR4":18,"GOLL4":8,"GOAU4":4,"GGBR4":null,"USIM5":4.859577184291593}