{"VALE5":33.40813713723821,"CSNA3":8.457513599344864,"PETR4":15.453004814719291,"GOLL4":12.320499504513228,"GOAU4":6.479753825791084,"GGBR4":14.499104008546778,"USIM5":8.290503456815808}