{"VALE5":33.32669432086507,"CSNA3":0.003920403001148357,"PETR4":15.23018804971192,"GOLL4":12.226733886980908,"GOAU4":0.0038286440590774044,"GGBR4":0.011266788527591097,"USIM5":8.484948961318807}