{"VALE5":33.25948879530034,"CSNA3":8.13645194689793,"PETR4":3.50736184017019e-8,"GOLL4":12.276548348540592,"GOAU4":6.500346434148907,"GGBR4":14.285488624159859,"USIM5":8.500282937882341}