{"VALE5":33.84255034227848,"CSNA3":8.37166572351076,"PETR4":15.687170643417932,"GOLL4":11.991803102338885,"GOAU4":6.636669280901735,"GGBR4":15.008450064628537,"USIM5":8.415464886521892}