{"VALE5":26.38332455445523,"CSNA3":11.904210181148404,"PETR4":15.822993029108574,"GOLL4":4.929911771734,"GOAU4":5.5122288157731045,"GGBR4":12.8986275819,"USIM5":3.9676031937176903}