{"VALE5":33.25948879530034,"CSNA3":8.135613384258885,"PETR4":3.5069374275633046e-8,"GOLL4":12.276548348540592,"GOAU4":6.500173121919968,"GGBR4":14.285488624159859,"USIM5":8.5001335084985}