{"VALE5":33.40813713723821,"CSNA3":8.267749360621167,"PETR4":15.586897022227916,"GOLL4":12.320499504513228,"GOAU4":6.479753825791084,"GGBR4":14.499104008546778,"USIM5":7.44890679619215}