{"VALE5":23.497038255861224,"CSNA3":11.179770744949158,"PETR4":20.288931838040778,"GOLL4":8.980308219467819,"GOAU4":5.423448223532535,"GGBR4":12.395817484838922,"USIM5":5.151358235077318}