{"VALE5":20.999397328456,"CSNA3":10.00454292308496,"PETR4":18.444459087473604,"GOLL4":8.161359153127288,"GOAU4":4.867581973495876,"GGBR4":11.084337282014081,"USIM5":4.619592738805951}