{"VALE5":2.582327047904506,"CSNA3":11.198292723625658,"PETR4":2.329559544388015,"GOLL4":0.0787633413499,"GOAU4":0.434916187852468,"GGBR4":12.41610227051423,"USIM5":5.153368112329487}