{"VALE5":27.02405610528593,"CSNA3":7.2023684831085015,"PETR4":11.957597305368612,"GOLL4":8.678770720141872,"GOAU4":5.241145733020966,"GGBR4":10.7687046332284,"USIM5":4.859577184291593}