{"VALE5":7.131778801264265e-17,"CSNA3":9.000238012897806e-13,"PETR4":9.306395204134616e-8,"GOLL4":6.299864183174382e-11,"GOAU4":1.3225676406092168e-9,"GGBR4":1.510346747814374e-11,"USIM5":2.209693850233915e-10}