{"VALE5":0.0000016015789572346947,"CSNA3":11.91,"PETR4":14.904399655575304,"GOLL4":4.93,"GOAU4":0.002454797644666046,"GGBR4":12.9,"USIM5":0.006538137498109608}