{"VALE5":33.630411536588845,"CSNA3":8.327151396629263,"PETR4":18.821260602104726,"GOLL4":10.099604021672974,"GOAU4":7.781585885954162,"GGBR4":15.873919701430072,"USIM5":8.013018484826867}