{"VALE5":33.334464492328124,"CSNA3":8.130166866624,"PETR4":0.010909742933462115,"GOLL4":0.004190159984232231,"GOAU4":0.003828693984222233,"GGBR4":0.011268487040164846,"USIM5":8.50107576765}