{"VALE5":0.00004630326271399515,"CSNA3":12.033893919347944,"PETR4":15.928031820320907,"GOLL4":0.02558204349776633,"GOAU4":5.504907392511551,"GGBR4":0.05075249710016589,"USIM5":4.800119417915029}