{"VALE5":33.560077472099046,"CSNA3":8.325100792901589,"PETR4":19.013017156186184,"GOLL4":9.953076103555459,"GOAU4":7.7428367495025086,"GGBR4":15.593155453615678,"USIM5":7.98014890039227}