{"VALE5":33.410924506248584,"CSNA3":8.457588897258816,"PETR4":15.464958656774673,"GOLL4":12.33118325544953,"GOAU4":6.482783124770173,"GGBR4":14.502144796534516,"USIM5":8.297669316797124}