{"VALE5":0.00004630326271399515,"CSNA3":12.033218629558316,"PETR4":15.927784149648494,"GOLL4":0.025580029273716713,"GOAU4":5.50345102301964,"GGBR4":0.05075010924662571,"USIM5":4.7994403420459575}