{"VALE5":30.02558199587869,"CSNA3":10.76,"PETR4":15.66087815016,"GOLL4":14.302213073017088,"GOAU4":5.700815634887789,"GGBR4":11.37,"USIM5":9.022491358972767}