{"VALE5":21.726120674065374,"CSNA3":10.26325111913024,"PETR4":18.47797805721991,"GOLL4":8.163796977124058,"GOAU4":4.8036010328475065,"GGBR4":11.275371879235198}