{"VALE5":25.47795159115076,"CSNA3":11.621712794407353,"PETR4":20.881570674178192,"GOLL4":9.274656481559408,"GOAU4":4.646322828156107,"GGBR4":12.766270117121849}