{"VALE5":22.946241459896882,"CSNA3":10.704741104718831,"PETR4":19.241147079538198,"GOLL4":8.579314962378623,"GOAU4":4.8143784171887445,"GGBR4":11.753046948725494}