{"VALE5":20.919022356189924,"CSNA3":9.923032383320002,"PETR4":17.86562877033461,"GOLL4":7.920808582479068,"GOAU4":4.652272848172624,"GGBR4":10.905602315662671}