{"VALE5":21.32504556841553,"CSNA3":9.778473344570696,"PETR4":17.531313126554824,"GOLL4":7.839333333362562,"GOAU4":3.9170853392047307,"GGBR4":10.762675460048643}