{"VALE5":21.108800782205517,"CSNA3":10.003257113529578,"PETR4":18.444459087473604,"GOLL4":8.161270794468228,"GOAU4":4.866461376911634,"GGBR4":11.07950901120006,"USIM5":4.619024135683407}