{"VALE5":33.40813713723821,"CSNA3":7.86,"PETR4":15.453004814719291,"GOLL4":11.45,"GOAU4":6.15999770461257,"GGBR4":14.04,"USIM5":7.45}